datetime,count
2020-03-23 05:00:00,1
2020-03-23 06:00:00,2
2020-03-23 07:00:00,4
2020-03-23 08:00:00,4
2020-03-23 09:00:00,4
2020-03-23 10:00:00,4
2020-03-23 11:00:00,3
2020-03-23 12:00:00,2
2020-03-23 13:00:00,4
2020-03-23 14:00:00,9
2020-03-23 15:00:00,10
2020-03-23 16:00:00,10
2020-03-23 17:00:00,10
2020-03-23 18:00:00,9
2020-03-23 19:00:00,10
2020-03-23 20:00:00,10
2020-03-23 21:00:00,10
2020-03-23 22:00:00,10
2020-03-23 23:00:00,2
2020-03-24 06:00:00,2
2020-03-24 07:00:00,5
2020-03-24 08:00:00,6
2020-03-24 09:00:00,4
2020-03-24 10:00:00,5
2020-03-24 11:00:00,6
2020-03-24 12:00:00,5
2020-03-24 13:00:00,1
2020-03-24 14:00:00,1
2020-03-24 15:00:00,1
2020-03-24 16:00:00,1
2020-03-24 20:00:00,1
2020-03-25 05:00:00,1
2020-03-25 06:00:00,2
2020-03-25 07:00:00,3
2020-03-25 08:00:00,4
2020-03-25 09:00:00,3
2020-03-25 10:00:00,3
2020-03-25 11:00:00,2
